CN+Node2vecAUC,CN+Node2vecPre,LP1+Node2vecAUC,LP1+Node2vecPre,CCN2+Node2vecAUC,CCN2+Node2vecPre,CN+LargeVisAUC,CN+LargeVisPre,LP1+LargeVisAUC,LP1+LargeVisPre,CCN2+LargeVisAUC,CCN2+LargeVisPre
0.06923076923076923,0.0,0.07076923076923076,0.0,0.08,0.0,0.06769230769230769,0.0,0.07076923076923076,0.0,0.08,0.0
0.06923076923076923,0.0,0.07076923076923076,0.0,0.08,0.0,0.06769230769230769,0.0,0.07076923076923076,0.0,0.08,0.0
0.06923076923076923,0.0,0.07076923076923076,0.0,0.08,0.0,0.06769230769230769,0.0,0.07076923076923076,0.0,0.08,0.0
0.5461538461538461,0.34375,0.5461538461538461,0.25,0.5461538461538461,0.34375,0.47846153846153844,0.3125,0.47846153846153844,0.375,0.47846153846153844,0.40625
0.9276923076923077,0.96875,0.9292307692307692,0.96875,0.92,0.96875,0.9261538461538461,0.96875,0.9292307692307692,0.96875,0.92,0.96875
0.9276923076923077,0.96875,0.9292307692307692,0.96875,0.92,0.96875,0.9261538461538461,0.96875,0.9292307692307692,0.96875,0.92,0.96875
0.9276923076923077,0.96875,0.9292307692307692,0.96875,0.92,0.96875,0.9261538461538461,0.96875,0.9292307692307692,0.96875,0.92,0.96875
