CN+Node2vecAUC,CN+Node2vecPre,LP1+Node2vecAUC,LP1+Node2vecPre,CCN2+Node2vecAUC,CCN2+Node2vecPre,CN+LargeVisAUC,CN+LargeVisPre,LP1+LargeVisAUC,LP1+LargeVisPre,CCN2+LargeVisAUC,CCN2+LargeVisPre
0.6348314606741573,0.9775280898876404,0.17415730337078653,0.449438202247191,0.11404494382022472,0.2247191011235955,0.5780898876404494,0.9887640449438202,0.1960674157303371,0.34831460674157305,0.1297752808988764,0.1797752808988764
0.6348314606741573,0.9887640449438202,0.18764044943820224,0.550561797752809,0.11404494382022472,0.21348314606741572,0.5780898876404494,0.9887640449438202,0.22303370786516855,0.4044943820224719,0.1297752808988764,0.19101123595505617
0.6348314606741573,0.9775280898876404,0.2449438202247191,0.8764044943820225,0.11404494382022472,0.24719101123595505,0.5780898876404494,0.9887640449438202,0.30280898876404494,0.6741573033707865,0.1297752808988764,0.15730337078651685
0.8561797752808988,0.9438202247191011,0.8561797752808988,0.9213483146067416,0.8561797752808988,0.9213483146067416,0.7747191011235955,0.8764044943820225,0.7747191011235955,0.898876404494382,0.7747191011235955,0.9101123595505618
0.8573033707865169,0.9438202247191011,0.8786516853932584,0.9887640449438202,0.897191011235955,0.9662921348314607,0.800561797752809,0.8876404494382022,0.8758426966292134,0.9887640449438202,0.9129213483146067,0.9662921348314607
0.8573033707865169,0.9325842696629213,0.8786516853932584,0.9887640449438202,0.897191011235955,0.9662921348314607,0.800561797752809,0.8764044943820225,0.8837078651685393,0.9887640449438202,0.9129213483146067,0.9662921348314607
0.8573033707865169,0.9101123595505618,0.8786516853932584,0.9887640449438202,0.897191011235955,0.9662921348314607,0.800561797752809,0.898876404494382,0.8859550561797753,0.9887640449438202,0.9129213483146067,0.9662921348314607
