CN+Node2vecAUC,CN+Node2vecPre,LP1+Node2vecAUC,LP1+Node2vecPre,CCN2+Node2vecAUC,CCN2+Node2vecPre,CN+LargeVisAUC,CN+LargeVisPre,LP1+LargeVisAUC,LP1+LargeVisPre,CCN2+LargeVisAUC,CCN2+LargeVisPre
0.23972602739726026,0.047619047619047616,0.228310502283105,0.047619047619047616,0.228310502283105,0.0,0.2328767123287671,0.047619047619047616,0.228310502283105,0.047619047619047616,0.228310502283105,0.0
0.23972602739726026,0.047619047619047616,0.228310502283105,0.047619047619047616,0.228310502283105,0.0,0.2328767123287671,0.047619047619047616,0.228310502283105,0.047619047619047616,0.228310502283105,0.0
0.23972602739726026,0.047619047619047616,0.228310502283105,0.047619047619047616,0.228310502283105,0.0,0.2328767123287671,0.047619047619047616,0.228310502283105,0.047619047619047616,0.228310502283105,0.0
0.5319634703196348,0.5714285714285714,0.5319634703196348,0.5238095238095238,0.5319634703196348,0.5714285714285714,0.5068493150684932,0.42857142857142855,0.5068493150684932,0.47619047619047616,0.5068493150684932,0.42857142857142855
0.773972602739726,0.8095238095238095,0.771689497716895,0.8095238095238095,0.771689497716895,0.8571428571428571,0.7671232876712328,0.8095238095238095,0.771689497716895,0.8095238095238095,0.771689497716895,0.8571428571428571
0.773972602739726,0.8095238095238095,0.771689497716895,0.8095238095238095,0.771689497716895,0.8571428571428571,0.7671232876712328,0.8095238095238095,0.771689497716895,0.8095238095238095,0.771689497716895,0.8571428571428571
0.773972602739726,0.8095238095238095,0.771689497716895,0.8095238095238095,0.771689497716895,0.8571428571428571,0.7671232876712328,0.8095238095238095,0.771689497716895,0.8095238095238095,0.771689497716895,0.8571428571428571
