CN+Node2vecAUC,CN+Node2vecPre,LP1+Node2vecAUC,LP1+Node2vecPre,CCN2+Node2vecAUC,CCN2+Node2vecPre,CN+LargeVisAUC,CN+LargeVisPre,LP1+LargeVisAUC,LP1+LargeVisPre,CCN2+LargeVisAUC,CCN2+LargeVisPre
0.7439393939393939,0.9393939393939394,0.7075757575757575,0.9696969696969697,0.36515151515151517,0.3333333333333333,0.7878787878787878,0.8787878787878788,0.7848484848484848,0.9393939393939394,0.3893939393939394,0.696969696969697
0.7439393939393939,0.9393939393939394,0.7075757575757575,0.9696969696969697,0.36515151515151517,0.36363636363636365,0.7878787878787878,0.9090909090909091,0.7848484848484848,0.9090909090909091,0.3893939393939394,0.6666666666666666
0.7439393939393939,0.9393939393939394,0.7106060606060606,0.9696969696969697,0.36515151515151517,0.36363636363636365,0.7878787878787878,0.9090909090909091,0.7848484848484848,0.9090909090909091,0.3893939393939394,0.696969696969697
0.8015151515151515,0.9696969696969697,0.8015151515151515,0.9696969696969697,0.8015151515151515,0.9696969696969697,0.8424242424242424,0.9696969696969697,0.8424242424242424,0.9696969696969697,0.8424242424242424,0.9696969696969697
0.8015151515151515,0.9393939393939394,0.8015151515151515,0.9696969696969697,0.8348484848484848,0.9393939393939394,0.8454545454545455,0.9696969696969697,0.8484848484848485,0.9696969696969697,0.8590909090909091,0.9696969696969697
0.8015151515151515,0.9393939393939394,0.8015151515151515,0.9696969696969697,0.8348484848484848,0.8787878787878788,0.8454545454545455,0.9696969696969697,0.8484848484848485,0.9696969696969697,0.8590909090909091,0.9696969696969697
0.8015151515151515,0.9696969696969697,0.8015151515151515,0.9696969696969697,0.8348484848484848,0.9090909090909091,0.8454545454545455,0.9696969696969697,0.8484848484848485,0.9696969696969697,0.8590909090909091,0.9393939393939394
