CN+Node2vecAUC,CN+Node2vecPre,LP1+Node2vecAUC,LP1+Node2vecPre,CCN2+Node2vecAUC,CCN2+Node2vecPre,CN+LargeVisAUC,CN+LargeVisPre,LP1+LargeVisAUC,LP1+LargeVisPre,CCN2+LargeVisAUC,CCN2+LargeVisPre
0.07779772591262717,0.059880239520958084,0.061639736684619986,0.0,0.06104129263913824,0.0,0.0843806104129264,0.1437125748502994,0.06283662477558348,0.011976047904191617,0.06104129263913824,0.0
0.07779772591262717,0.04790419161676647,0.06223818073010173,0.0,0.06104129263913824,0.0,0.0843806104129264,0.1317365269461078,0.06283662477558348,0.011976047904191617,0.06104129263913824,0.0
0.07779772591262717,0.041916167664670656,0.06283662477558348,0.0,0.06104129263913824,0.0,0.0843806104129264,0.12574850299401197,0.06523040095751047,0.011976047904191617,0.06104129263913824,0.0
0.7208258527827648,0.5808383233532934,0.7208258527827648,0.6167664670658682,0.7208258527827648,0.6047904191616766,0.7570317175344106,0.6407185628742516,0.7570317175344106,0.6107784431137725,0.7570317175344106,0.6526946107784432
0.9228007181328546,0.9880239520958084,0.9401555954518253,0.9820359281437125,0.93836026331538,0.9880239520958084,0.9293836026331538,0.9880239520958084,0.9401555954518253,0.9820359281437125,0.93836026331538,0.9880239520958084
0.9228007181328546,0.9880239520958084,0.9395571514063435,0.9820359281437125,0.93836026331538,0.9880239520958084,0.9293836026331538,0.9880239520958084,0.9401555954518253,0.9820359281437125,0.93836026331538,0.9880239520958084
0.9228007181328546,0.9880239520958084,0.9395571514063435,0.9820359281437125,0.93836026331538,0.9880239520958084,0.9293836026331538,0.9880239520958084,0.9389587073608617,0.9820359281437125,0.93836026331538,0.9880239520958084
