CN+Node2vecAUC,CN+Node2vecPre,LP1+Node2vecAUC,LP1+Node2vecPre,CCN2+Node2vecAUC,CCN2+Node2vecPre,CN+LargeVisAUC,CN+LargeVisPre,LP1+LargeVisAUC,LP1+LargeVisPre,CCN2+LargeVisAUC,CCN2+LargeVisPre
0.6198786039453718,0.9692307692307692,0.6001517450682853,0.9846153846153847,0.1669195751138088,0.36923076923076925,0.704855842185129,0.9846153846153847,0.6874051593323217,0.9692307692307692,0.19726858877086495,0.7692307692307693
0.6198786039453718,0.9384615384615385,0.6092564491654021,0.9846153846153847,0.1669195751138088,0.4,0.704855842185129,0.9692307692307692,0.6934749620637329,0.9846153846153847,0.19726858877086495,0.7384615384615385
0.6198786039453718,0.9384615384615385,0.6138088012139605,0.9692307692307692,0.1669195751138088,0.4153846153846154,0.704855842185129,0.9692307692307692,0.6980273141122914,0.9846153846153847,0.19726858877086495,0.8
0.8429438543247344,0.9076923076923077,0.8429438543247344,0.9076923076923077,0.8429438543247344,0.8923076923076924,0.9339908952959028,0.9692307692307692,0.9339908952959028,0.9692307692307692,0.9339908952959028,0.9846153846153847
0.8505311077389985,0.9230769230769231,0.855083459787557,0.9692307692307692,0.9119878603945372,0.9846153846153847,0.9355083459787557,0.9846153846153847,0.9393019726858877,0.9538461538461539,0.9423368740515933,0.9846153846153847
0.8505311077389985,0.9230769230769231,0.8566009104704098,0.9538461538461539,0.9119878603945372,0.9846153846153847,0.9355083459787557,0.9692307692307692,0.9393019726858877,0.9538461538461539,0.9423368740515933,0.9846153846153847
0.8505311077389985,0.9384615384615385,0.8566009104704098,0.9538461538461539,0.9119878603945372,0.9846153846153847,0.9355083459787557,0.9846153846153847,0.9393019726858877,0.9538461538461539,0.9423368740515933,0.9846153846153847
