CN+Node2vecAUC,CN+Node2vecPre,LP1+Node2vecAUC,LP1+Node2vecPre,CCN2+Node2vecAUC,CCN2+Node2vecPre,CN+LargeVisAUC,CN+LargeVisPre,LP1+LargeVisAUC,LP1+LargeVisPre,CCN2+LargeVisAUC,CCN2+LargeVisPre
0.7363966142684402,0.9878048780487805,0.7194679564691656,0.9878048780487805,0.12636033857315598,0.6463414634146342,0.7696493349455864,0.9878048780487805,0.7611850060459492,0.9878048780487805,0.13663845223700122,0.7317073170731707
0.7363966142684402,0.9878048780487805,0.7267230955259976,0.9878048780487805,0.12636033857315598,0.6585365853658537,0.7696493349455864,0.9878048780487805,0.7660217654171705,0.9878048780487805,0.13663845223700122,0.7560975609756098
0.7363966142684402,0.9878048780487805,0.7315598548972189,0.9878048780487805,0.12636033857315598,0.6585365853658537,0.7696493349455864,0.9878048780487805,0.7660217654171705,0.9878048780487805,0.13663845223700122,0.7317073170731707
0.9347037484885127,0.9878048780487805,0.9347037484885127,0.9878048780487805,0.9347037484885127,0.9878048780487805,0.9667472793228536,0.9878048780487805,0.9667472793228536,0.9878048780487805,0.9667472793228536,0.9878048780487805
0.9371221281741233,0.9878048780487805,0.939540507859734,0.9878048780487805,0.9582829504232164,0.9878048780487805,0.9703748488512697,0.9878048780487805,0.9727932285368803,0.9878048780487805,0.9685610640870617,0.9878048780487805
0.9371221281741233,0.9878048780487805,0.939540507859734,0.9878048780487805,0.9582829504232164,0.9878048780487805,0.9703748488512697,0.9878048780487805,0.9727932285368803,0.9878048780487805,0.9685610640870617,0.9878048780487805
0.9371221281741233,0.9878048780487805,0.939540507859734,0.9878048780487805,0.9582829504232164,0.9878048780487805,0.9703748488512697,0.9878048780487805,0.9727932285368803,0.9878048780487805,0.9685610640870617,0.9878048780487805
