CN+Node2vecAUC,CN+Node2vecPre,LP1+Node2vecAUC,LP1+Node2vecPre,CCN2+Node2vecAUC,CCN2+Node2vecPre,CN+LargeVisAUC,CN+LargeVisPre,LP1+LargeVisAUC,LP1+LargeVisPre,CCN2+LargeVisAUC,CCN2+LargeVisPre
0.8641810918774967,0.7333333333333333,0.04660452729693742,0.0,0.08655126498002663,0.0,0.8255659121171771,0.7066666666666667,0.04660452729693742,0.0,0.08655126498002663,0.0
0.8641810918774967,0.6933333333333334,0.04660452729693742,0.0,0.08655126498002663,0.0,0.8255659121171771,0.68,0.04660452729693742,0.0,0.08655126498002663,0.0
0.8641810918774967,0.6933333333333334,0.04660452729693742,0.0,0.08655126498002663,0.0,0.8255659121171771,0.6666666666666666,0.04660452729693742,0.0,0.08655126498002663,0.0
0.6671105193075899,0.38666666666666666,0.6671105193075899,0.4266666666666667,0.6671105193075899,0.44,0.5565912117177098,0.4,0.5565912117177098,0.38666666666666666,0.5565912117177098,0.38666666666666666
0.21571238348868177,0.0,0.9533954727030626,0.9866666666666667,0.9121171770972037,0.9333333333333333,0.17709720372836218,0.0,0.9533954727030626,0.9866666666666667,0.9121171770972037,0.9333333333333333
0.21571238348868177,0.0,0.9533954727030626,0.9866666666666667,0.9121171770972037,0.9333333333333333,0.17709720372836218,0.0,0.9533954727030626,0.9866666666666667,0.9121171770972037,0.9333333333333333
0.21571238348868177,0.0,0.9533954727030626,0.9866666666666667,0.9121171770972037,0.9333333333333333,0.17709720372836218,0.0,0.9533954727030626,0.9866666666666667,0.9121171770972037,0.9333333333333333
